[
    {
        "id": 1, 
        "title": "Android for Expert", 
        "author": "George R.R", 
        "yop": 1996
    }, 
    {
        "id": 2, 
        "title": "Complete Reference", 
        "author": "George P.R Martin", 
        "yop": 1998
    }, 
    {
        "id": 3, 
        "title": "Bakbone JS", 
        "author": "Kalvin R.V", 
        "yop": 2000
    }, 
    {
        "id": 4, 
        "title": "Knock out JS", 
        "author": "J.J Martin", 
        "yop": 2005
    }, 
    {
        "id": 5, 
        "title": "Pointer in C", 
        "author": "Yashwant Kantikar", 
        "yop": 2011
    }
]